runbook_id,path,family,handler,profile,required_signals,vulnerable_rule,secure_rule,inconclusive_rule,producer,equivalence_group,fixture_set
API-AUTH-APIKEY-QUERY-014,runbooks/authentication/api-auth-apikey-query-014.yaml,authentication,http,api-key-in-query,"by,powered,prerequisites_missing,response_headers,response_status,target_reachable,x","response_status in {200,401,403,500} and 'x-powered-by' in response_headers","response_status in {401,403} or 'x-powered-by' not in response_headers",target_reachable == false or prerequisites_missing == true,http/api-key-in-query,none,api-auth-apikey-query-014.json
API-AUTH-APIKEY-SCOPE-015,runbooks/authentication/api-auth-apikey-scope-015.yaml,authentication,workflow,api-key-scope,"api,key,prerequisites_missing,response_headers,response_status,scope,target_reachable,x","response_status in {200,401,403} and 'x-api-key-scope' not in response_headers",response_status==403 or 'x-api-key-scope' in response_headers,target_reachable == false or prerequisites_missing == true,workflow/api-key-scope,none,api-auth-apikey-scope-015.json
API-AUTH-BASIC-TRANSPORT-016,runbooks/authentication/api-auth-basic-transport-016.yaml,authentication,headers,basic-auth-transport,"auth.scheme,basic,http,https,prerequisites_missing,request.redirect_target,request.redirect_target.startswith,target_reachable",auth.scheme == 'basic' and request.redirect_target != '' and request.redirect_target.startswith('http://'),request.redirect_target == '' or request.redirect_target.startswith('https://'),target_reachable == false or prerequisites_missing == true,headers/basic-auth-transport,none,api-auth-basic-transport-016.json
API-AUTH-CREDENTIAL-RATE-019,runbooks/authentication/api-auth-credential-rate-019.yaml,authentication,race,credential-rate-limit,"False,True,prerequisites_missing,race_duplicate_success,target_reachable",race_duplicate_success==True,race_duplicate_success==False,target_reachable == false or prerequisites_missing == true,race/credential-rate-limit,none,api-auth-credential-rate-019.json
API-AUTH-EXPIRED-TOKEN-003,runbooks/authentication/api-auth-expired-token-003.yaml,authentication,jwt,expired-token,"body_sample,expired,prerequisites_missing,response_status,target_reachable",response_status==200 and 'expired' not in body_sample,response_status==401 and 'expired' in body_sample,target_reachable == false or prerequisites_missing == true,jwt/expired-token,none,api-auth-expired-token-003.json
API-AUTH-INVALID-BEARER-002,runbooks/authentication/api-auth-invalid-bearer-002.yaml,authentication,http,invalid-bearer-token,"by,powered,prerequisites_missing,response_headers,response_status,target_reachable,x","response_status in {200,401,403,500} and 'x-powered-by' in response_headers","response_status in {401,403} or 'x-powered-by' not in response_headers",target_reachable == false or prerequisites_missing == true,http/invalid-bearer-token,none,api-auth-invalid-bearer-002.json
API-AUTH-JWT-ALG-CONFUSION-006,runbooks/authentication/api-auth-jwt-alg-confusion-006.yaml,authentication,jwt,jwt-algorithm-confusion,"HS256,RS256,jwt_alg,prerequisites_missing,secret_bits,target_reachable","jwt_alg in {'None','HS256'} or secret_bits < 2048",jwt_alg=='RS256' and secret_bits >= 2048,target_reachable == false or prerequisites_missing == true,jwt/jwt-algorithm-confusion,none,api-auth-jwt-alg-confusion-006.json
API-AUTH-JWT-ALG-NONE-005,runbooks/authentication/api-auth-jwt-alg-none-005.yaml,authentication,jwt,jwt-alg-none,"HS256,RS256,jwt_alg,prerequisites_missing,secret_bits,target_reachable","jwt_alg in {'None','HS256'} or secret_bits < 2048",jwt_alg=='RS256' and secret_bits >= 2048,target_reachable == false or prerequisites_missing == true,jwt/jwt-alg-none,none,api-auth-jwt-alg-none-005.json
API-AUTH-JWT-AUDIENCE-008,runbooks/authentication/api-auth-jwt-audience-008.yaml,authentication,jwt,jwt-audience-validation,"api,crapi,hex0r,jwt.claims.aud,jwt.signature.valid,prerequisites_missing,target_reachable","jwt.claims.aud is None or jwt.claims.aud not in {'hex0r-api','crapi'}","jwt.claims.aud in {'hex0r-api','crapi'} and jwt.signature.valid == true",target_reachable == false or prerequisites_missing == true,jwt/jwt-audience-validation,none,api-auth-jwt-audience-008.json
API-AUTH-JWT-ISSUER-009,runbooks/authentication/api-auth-jwt-issuer-009.yaml,authentication,jwt,jwt-issuer-validation,"HS256,RS256,jwt_alg,prerequisites_missing,secret_bits,target_reachable","jwt_alg in {'None','HS256'} or secret_bits < 2048",jwt_alg=='RS256' and secret_bits >= 2048,target_reachable == false or prerequisites_missing == true,jwt/jwt-issuer-validation,none,api-auth-jwt-issuer-009.json
API-AUTH-JWT-SUBJECT-010,runbooks/authentication/api-auth-jwt-subject-010.yaml,authentication,jwt,jwt-subject-tampering,"HS256,RS256,jwt_alg,prerequisites_missing,secret_bits,target_reachable","jwt_alg in {'None','HS256'} or secret_bits < 2048",jwt_alg=='RS256' and secret_bits >= 2048,target_reachable == false or prerequisites_missing == true,jwt/jwt-subject-tampering,none,api-auth-jwt-subject-010.json
API-AUTH-JWT-WEAK-SECRET-007,runbooks/authentication/api-auth-jwt-weak-secret-007.yaml,authentication,jwt,jwt-weak-hmac-secret,"HS256,RS256,jwt_alg,prerequisites_missing,secret_bits,target_reachable","jwt_alg in {'None','HS256'} or secret_bits < 2048",jwt_alg=='RS256' and secret_bits >= 2048,target_reachable == false or prerequisites_missing == true,jwt/jwt-weak-hmac-secret,none,api-auth-jwt-weak-secret-007.json
API-AUTH-LOCKOUT-BYPASS-020,runbooks/authentication/api-auth-lockout-bypass-020.yaml,authentication,race,account-lockout-bypass,"False,True,prerequisites_missing,race_duplicate_success,target_reachable",race_duplicate_success==True,race_duplicate_success==False,target_reachable == false or prerequisites_missing == true,race/account-lockout-bypass,none,api-auth-lockout-bypass-020.json
API-AUTH-MFA-ENFORCEMENT-021,runbooks/authentication/api-auth-mfa-enforcement-021.yaml,authentication,workflow,mfa-enforcement,"blocked,failed,handler_signal,hardened,passed,prerequisites_missing,secure,target_reachable","handler_signal in {'failed','blocked'}","handler_signal in {'secure','hardened','passed'}",target_reachable == false or prerequisites_missing == true,workflow/mfa-enforcement,none,api-auth-mfa-enforcement-021.json
API-AUTH-MFA-REPLAY-022,runbooks/authentication/api-auth-mfa-replay-022.yaml,authentication,workflow,mfa-replay,"blocked,failed,handler_signal,hardened,passed,prerequisites_missing,secure,target_reachable","handler_signal in {'failed','blocked'}","handler_signal in {'secure','hardened','passed'}",target_reachable == false or prerequisites_missing == true,workflow/mfa-replay,none,api-auth-mfa-replay-022.json
API-AUTH-MISSING-001,runbooks/authentication/api-auth-missing-001.yaml,authentication,http,missing-authentication,"auth.accepted,prerequisites_missing,response_status,target_reachable",auth.accepted == false and response_status == 200,"auth.accepted == true or response_status in {401,403}",target_reachable == false or prerequisites_missing == true,http/missing-authentication,none,api-auth-missing-001.json
API-AUTH-PASSWORD-POLICY-018,runbooks/authentication/api-auth-password-policy-018.yaml,authentication,workflow,password-policy,"blocked,failed,handler_signal,hardened,passed,prerequisites_missing,secure,target_reachable","handler_signal in {'failed','blocked'}","handler_signal in {'secure','hardened','passed'}",target_reachable == false or prerequisites_missing == true,workflow/password-policy,none,api-auth-password-policy-018.json
API-AUTH-REFRESH-REUSE-012,runbooks/authentication/api-auth-refresh-reuse-012.yaml,authentication,workflow,refresh-token-reuse,"blocked,failed,handler_signal,hardened,passed,prerequisites_missing,secure,target_reachable","handler_signal in {'failed','blocked'}","handler_signal in {'secure','hardened','passed'}",target_reachable == false or prerequisites_missing == true,workflow/refresh-token-reuse,none,api-auth-refresh-reuse-012.json
API-AUTH-REFRESH-ROTATION-013,runbooks/authentication/api-auth-refresh-rotation-013.yaml,authentication,workflow,refresh-token-rotation,"blocked,failed,handler_signal,hardened,passed,prerequisites_missing,secure,target_reachable","handler_signal in {'failed','blocked'}","handler_signal in {'secure','hardened','passed'}",target_reachable == false or prerequisites_missing == true,workflow/refresh-token-rotation,none,api-auth-refresh-rotation-013.json
API-AUTH-RESET-BINDING-024,runbooks/authentication/api-auth-reset-binding-024.yaml,authentication,workflow,password-reset-binding,"blocked,failed,handler_signal,hardened,passed,prerequisites_missing,secure,target_reachable","handler_signal in {'failed','blocked'}","handler_signal in {'secure','hardened','passed'}",target_reachable == false or prerequisites_missing == true,workflow/password-reset-binding,none,api-auth-reset-binding-024.json
API-AUTH-RESET-ENTROPY-023,runbooks/authentication/api-auth-reset-entropy-023.yaml,authentication,workflow,password-reset-entropy,"blocked,failed,handler_signal,hardened,passed,prerequisites_missing,secure,target_reachable","handler_signal in {'failed','blocked'}","handler_signal in {'secure','hardened','passed'}",target_reachable == false or prerequisites_missing == true,workflow/password-reset-entropy,none,api-auth-reset-entropy-023.json
API-AUTH-TOKEN-REPLAY-011,runbooks/authentication/api-auth-token-replay-011.yaml,authentication,workflow,access-token-replay,"blocked,failed,handler_signal,hardened,passed,prerequisites_missing,secure,target_reachable","handler_signal in {'failed','blocked'}","handler_signal in {'secure','hardened','passed'}",target_reachable == false or prerequisites_missing == true,workflow/access-token-replay,none,api-auth-token-replay-011.json
API-AUTH-UNSIGNED-JWT-004,runbooks/authentication/api-auth-unsigned-jwt-004.yaml,authentication,jwt,unsigned-jwt,"alg,headers,jwt_alg,prerequisites_missing,target_reachable",jwt_alg=='None' and 'alg' in headers,'alg' in headers and jwt_alg!='None',target_reachable == false or prerequisites_missing == true,jwt/unsigned-jwt,none,api-auth-unsigned-jwt-004.json
API-AUTH-USER-ENUM-017,runbooks/authentication/api-auth-user-enum-017.yaml,authentication,http,login-user-enumeration,"by,powered,prerequisites_missing,response_headers,response_status,target_reachable,x","response_status in {200,401,403,500} and 'x-powered-by' in response_headers","response_status in {401,403} or 'x-powered-by' not in response_headers",target_reachable == false or prerequisites_missing == true,http/login-user-enumeration,none,api-auth-user-enum-017.json
API-AUTHZ-BATCH-010,runbooks/authorization/api-authz-batch-010.yaml,authorization,workflow,batch-item-authorization,"blocked,failed,handler_signal,hardened,passed,prerequisites_missing,secure,target_reachable","handler_signal in {'failed','blocked'}","handler_signal in {'secure','hardened','passed'}",target_reachable == false or prerequisites_missing == true,workflow/batch-item-authorization,none,api-authz-batch-010.json
API-AUTHZ-BFLA-ADMIN-004,runbooks/authorization/api-authz-bfla-admin-004.yaml,authorization,workflow,bfla-admin,"blocked,failed,handler_signal,hardened,passed,prerequisites_missing,secure,target_reachable","handler_signal in {'failed','blocked'}","handler_signal in {'secure','hardened','passed'}",target_reachable == false or prerequisites_missing == true,workflow/bfla-admin,none,api-authz-bfla-admin-004.json
API-AUTHZ-BOLA-DELETE-003,runbooks/authorization/api-authz-bola-delete-003.yaml,authorization,workflow,bola-delete,"blocked,failed,handler_signal,hardened,passed,prerequisites_missing,secure,target_reachable","handler_signal in {'failed','blocked'}","handler_signal in {'secure','hardened','passed'}",target_reachable == false or prerequisites_missing == true,workflow/bola-delete,none,api-authz-bola-delete-003.json
API-AUTHZ-BOLA-READ-001,runbooks/authorization/api-authz-bola-read-001.yaml,authorization,workflow,bola-read,"blocked,failed,handler_signal,hardened,passed,prerequisites_missing,secure,target_reachable","handler_signal in {'failed','blocked'}","handler_signal in {'secure','hardened','passed'}",target_reachable == false or prerequisites_missing == true,workflow/bola-read,none,api-authz-bola-read-001.json
API-AUTHZ-BOLA-UPDATE-002,runbooks/authorization/api-authz-bola-update-002.yaml,authorization,workflow,bola-update,"blocked,failed,handler_signal,hardened,passed,prerequisites_missing,secure,target_reachable","handler_signal in {'failed','blocked'}","handler_signal in {'secure','hardened','passed'}",target_reachable == false or prerequisites_missing == true,workflow/bola-update,none,api-authz-bola-update-002.json
API-AUTHZ-CONTENTTYPE-BYPASS-017,runbooks/authorization/api-authz-contenttype-bypass-017.yaml,authorization,http,content-type-authorization-bypass,"by,powered,prerequisites_missing,response_headers,response_status,target_reachable,x","response_status in {200,401,403,500} and 'x-powered-by' in response_headers","response_status in {401,403} or 'x-powered-by' not in response_headers",target_reachable == false or prerequisites_missing == true,http/content-type-authorization-bypass,none,api-authz-contenttype-bypass-017.json
API-AUTHZ-EXPORT-023,runbooks/authorization/api-authz-export-023.yaml,authorization,workflow,export-authorization,"blocked,failed,handler_signal,hardened,passed,prerequisites_missing,secure,target_reachable","handler_signal in {'failed','blocked'}","handler_signal in {'secure','hardened','passed'}",target_reachable == false or prerequisites_missing == true,workflow/export-authorization,none,api-authz-export-023.json
API-AUTHZ-FIELD-READ-014,runbooks/authorization/api-authz-field-read-014.yaml,authorization,workflow,field-level-read,"blocked,failed,handler_signal,hardened,passed,prerequisites_missing,secure,target_reachable","handler_signal in {'failed','blocked'}","handler_signal in {'secure','hardened','passed'}",target_reachable == false or prerequisites_missing == true,workflow/field-level-read,none,api-authz-field-read-014.json
API-AUTHZ-FIELD-WRITE-015,runbooks/authorization/api-authz-field-write-015.yaml,authorization,workflow,field-level-write,"blocked,failed,handler_signal,hardened,passed,prerequisites_missing,secure,target_reachable","handler_signal in {'failed','blocked'}","handler_signal in {'secure','hardened','passed'}",target_reachable == false or prerequisites_missing == true,workflow/field-level-write,none,api-authz-field-write-015.json
API-AUTHZ-HIDDEN-FIELD-013,runbooks/authorization/api-authz-hidden-field-013.yaml,authorization,http,hidden-field-write,"by,powered,prerequisites_missing,response_headers,response_status,target_reachable,x","response_status in {200,401,403,500} and 'x-powered-by' in response_headers","response_status in {401,403} or 'x-powered-by' not in response_headers",target_reachable == false or prerequisites_missing == true,http/hidden-field-write,none,api-authz-hidden-field-013.json
API-AUTHZ-HORIZONTAL-005,runbooks/authorization/api-authz-horizontal-005.yaml,authorization,workflow,horizontal-privilege,"blocked,failed,handler_signal,hardened,passed,prerequisites_missing,secure,target_reachable","handler_signal in {'failed','blocked'}","handler_signal in {'secure','hardened','passed'}",target_reachable == false or prerequisites_missing == true,workflow/horizontal-privilege,none,api-authz-horizontal-005.json
API-AUTHZ-INDIRECT-REF-020,runbooks/authorization/api-authz-indirect-ref-020.yaml,authorization,workflow,indirect-reference-tampering,"blocked,failed,handler_signal,hardened,passed,prerequisites_missing,secure,target_reachable","handler_signal in {'failed','blocked'}","handler_signal in {'secure','hardened','passed'}",target_reachable == false or prerequisites_missing == true,workflow/indirect-reference-tampering,none,api-authz-indirect-ref-020.json
API-AUTHZ-MASS-OWNER-012,runbooks/authorization/api-authz-mass-owner-012.yaml,authorization,http,mass-assignment-owner,"by,powered,prerequisites_missing,response_headers,response_status,target_reachable,x","response_status in {200,401,403,500} and 'x-powered-by' in response_headers","response_status in {401,403} or 'x-powered-by' not in response_headers",target_reachable == false or prerequisites_missing == true,http/mass-assignment-owner,none,api-authz-mass-owner-012.json
API-AUTHZ-MASS-ROLE-011,runbooks/authorization/api-authz-mass-role-011.yaml,authorization,http,mass-assignment-role,"by,powered,prerequisites_missing,response_headers,response_status,target_reachable,x","response_status in {200,401,403,500} and 'x-powered-by' in response_headers","response_status in {401,403} or 'x-powered-by' not in response_headers",target_reachable == false or prerequisites_missing == true,http/mass-assignment-role,none,api-authz-mass-role-011.json
API-AUTHZ-METHOD-BYPASS-016,runbooks/authorization/api-authz-method-bypass-016.yaml,authorization,http,method-authorization-bypass,"by,powered,prerequisites_missing,response_headers,response_status,target_reachable,x","response_status in {200,401,403,500} and 'x-powered-by' in response_headers","response_status in {401,403} or 'x-powered-by' not in response_headers",target_reachable == false or prerequisites_missing == true,http/method-authorization-bypass,none,api-authz-method-bypass-016.json
API-AUTHZ-NESTED-OBJECT-009,runbooks/authorization/api-authz-nested-object-009.yaml,authorization,workflow,nested-object-authorization,"blocked,failed,handler_signal,hardened,passed,prerequisites_missing,secure,target_reachable","handler_signal in {'failed','blocked'}","handler_signal in {'secure','hardened','passed'}",target_reachable == false or prerequisites_missing == true,workflow/nested-object-authorization,none,api-authz-nested-object-009.json
API-AUTHZ-PARAM-POLLUTION-019,runbooks/authorization/api-authz-param-pollution-019.yaml,authorization,http,parameter-pollution-authorization,"by,powered,prerequisites_missing,response_headers,response_status,target_reachable,x","response_status in {200,401,403,500} and 'x-powered-by' in response_headers","response_status in {401,403} or 'x-powered-by' not in response_headers",target_reachable == false or prerequisites_missing == true,http/parameter-pollution-authorization,none,api-authz-param-pollution-019.json
API-AUTHZ-PATH-NORMALIZE-018,runbooks/authorization/api-authz-path-normalize-018.yaml,authorization,http,path-normalization-authorization,"by,powered,prerequisites_missing,response_headers,response_status,target_reachable,x","response_status in {200,401,403,500} and 'x-powered-by' in response_headers","response_status in {401,403} or 'x-powered-by' not in response_headers",target_reachable == false or prerequisites_missing == true,http/path-normalization-authorization,none,api-authz-path-normalize-018.json
API-AUTHZ-RELATIONSHIP-022,runbooks/authorization/api-authz-relationship-022.yaml,authorization,workflow,relationship-authorization,"blocked,failed,handler_signal,hardened,passed,prerequisites_missing,secure,target_reachable","handler_signal in {'failed','blocked'}","handler_signal in {'secure','hardened','passed'}",target_reachable == false or prerequisites_missing == true,workflow/relationship-authorization,none,api-authz-relationship-022.json
API-AUTHZ-TENANT-READ-007,runbooks/authorization/api-authz-tenant-read-007.yaml,authorization,workflow,cross-tenant-read,"blocked,failed,handler_signal,hardened,passed,prerequisites_missing,secure,target_reachable","handler_signal in {'failed','blocked'}","handler_signal in {'secure','hardened','passed'}",target_reachable == false or prerequisites_missing == true,workflow/cross-tenant-read,none,api-authz-tenant-read-007.json
API-AUTHZ-TENANT-WRITE-008,runbooks/authorization/api-authz-tenant-write-008.yaml,authorization,workflow,cross-tenant-write,"blocked,failed,handler_signal,hardened,passed,prerequisites_missing,secure,target_reachable","handler_signal in {'failed','blocked'}","handler_signal in {'secure','hardened','passed'}",target_reachable == false or prerequisites_missing == true,workflow/cross-tenant-write,none,api-authz-tenant-write-008.json
API-AUTHZ-UUID-REPLACE-021,runbooks/authorization/api-authz-uuid-replace-021.yaml,authorization,workflow,uuid-replacement,"blocked,failed,handler_signal,hardened,passed,prerequisites_missing,secure,target_reachable","handler_signal in {'failed','blocked'}","handler_signal in {'secure','hardened','passed'}",target_reachable == false or prerequisites_missing == true,workflow/uuid-replacement,none,api-authz-uuid-replace-021.json
API-AUTHZ-VERTICAL-006,runbooks/authorization/api-authz-vertical-006.yaml,authorization,workflow,vertical-privilege,"blocked,failed,handler_signal,hardened,passed,prerequisites_missing,secure,target_reachable","handler_signal in {'failed','blocked'}","handler_signal in {'secure','hardened','passed'}",target_reachable == false or prerequisites_missing == true,workflow/vertical-privilege,none,api-authz-vertical-006.json
API-AUTHZ-WEBHOOK-OWNER-024,runbooks/authorization/api-authz-webhook-owner-024.yaml,authorization,workflow,webhook-ownership,"blocked,failed,handler_signal,hardened,passed,prerequisites_missing,secure,target_reachable","handler_signal in {'failed','blocked'}","handler_signal in {'secure','hardened','passed'}",target_reachable == false or prerequisites_missing == true,workflow/webhook-ownership,none,api-authz-webhook-owner-024.json
API-LOGIC-COUPON-REUSE-007,runbooks/business-logic/api-logic-coupon-reuse-007.yaml,business-logic,workflow,coupon-reuse,"blocked,failed,handler_signal,hardened,passed,prerequisites_missing,secure,target_reachable","handler_signal in {'failed','blocked'}","handler_signal in {'secure','hardened','passed'}",target_reachable == false or prerequisites_missing == true,workflow/coupon-reuse,none,api-logic-coupon-reuse-007.json
API-LOGIC-DUPLICATE-TXN-003,runbooks/business-logic/api-logic-duplicate-txn-003.yaml,business-logic,workflow,duplicate-transaction,"blocked,failed,handler_signal,hardened,passed,prerequisites_missing,secure,target_reachable","handler_signal in {'failed','blocked'}","handler_signal in {'secure','hardened','passed'}",target_reachable == false or prerequisites_missing == true,workflow/duplicate-transaction,none,api-logic-duplicate-txn-003.json
API-LOGIC-IDEMPOTENCY-004,runbooks/business-logic/api-logic-idempotency-004.yaml,business-logic,workflow,idempotency-key,"blocked,failed,handler_signal,hardened,passed,prerequisites_missing,secure,target_reachable","handler_signal in {'failed','blocked'}","handler_signal in {'secure','hardened','passed'}",target_reachable == false or prerequisites_missing == true,workflow/idempotency-key,none,api-logic-idempotency-004.json
API-LOGIC-INVENTORY-010,runbooks/business-logic/api-logic-inventory-010.yaml,business-logic,race,inventory-oversell,"False,True,prerequisites_missing,race_duplicate_success,target_reachable",race_duplicate_success==True,race_duplicate_success==False,target_reachable == false or prerequisites_missing == true,race/inventory-oversell,none,api-logic-inventory-010.json
API-LOGIC-NEGATIVE-QTY-002,runbooks/business-logic/api-logic-negative-qty-002.yaml,business-logic,workflow,negative-quantity,"blocked,failed,handler_signal,hardened,passed,prerequisites_missing,secure,target_reachable","handler_signal in {'failed','blocked'}","handler_signal in {'secure','hardened','passed'}",target_reachable == false or prerequisites_missing == true,workflow/negative-quantity,none,api-logic-negative-qty-002.json
API-LOGIC-PRICE-001,runbooks/business-logic/api-logic-price-001.yaml,business-logic,workflow,price-tampering,"blocked,failed,handler_signal,hardened,passed,prerequisites_missing,secure,target_reachable","handler_signal in {'failed','blocked'}","handler_signal in {'secure','hardened','passed'}",target_reachable == false or prerequisites_missing == true,workflow/price-tampering,none,api-logic-price-001.json
API-LOGIC-RACE-006,runbooks/business-logic/api-logic-race-006.yaml,business-logic,race,business-race-condition,"False,True,prerequisites_missing,race_duplicate_success,target_reachable",race_duplicate_success==True,race_duplicate_success==False,target_reachable == false or prerequisites_missing == true,race/business-race-condition,none,api-logic-race-006.json
API-LOGIC-REFUND-AMOUNT-009,runbooks/business-logic/api-logic-refund-amount-009.yaml,business-logic,workflow,refund-amount,"blocked,failed,handler_signal,hardened,passed,prerequisites_missing,secure,target_reachable","handler_signal in {'failed','blocked'}","handler_signal in {'secure','hardened','passed'}",target_reachable == false or prerequisites_missing == true,workflow/refund-amount,none,api-logic-refund-amount-009.json
API-LOGIC-STATE-TRANSITION-008,runbooks/business-logic/api-logic-state-transition-008.yaml,business-logic,workflow,state-transition,"blocked,failed,handler_signal,hardened,passed,prerequisites_missing,secure,target_reachable","handler_signal in {'failed','blocked'}","handler_signal in {'secure','hardened','passed'}",target_reachable == false or prerequisites_missing == true,workflow/state-transition,none,api-logic-state-transition-008.json
API-LOGIC-STEP-BYPASS-005,runbooks/business-logic/api-logic-step-bypass-005.yaml,business-logic,workflow,workflow-step-bypass,"blocked,failed,handler_signal,hardened,passed,prerequisites_missing,secure,target_reachable","handler_signal in {'failed','blocked'}","handler_signal in {'secure','hardened','passed'}",target_reachable == false or prerequisites_missing == true,workflow/workflow-step-bypass,none,api-logic-step-bypass-005.json
API-CONFIG-CONTENTTYPE-004,runbooks/configuration/api-config-contenttype-004.yaml,configuration,http,content-type-enforcement,"by,powered,prerequisites_missing,response_headers,response_status,target_reachable,x","response_status in {200,401,403,500} and 'x-powered-by' in response_headers","response_status in {401,403} or 'x-powered-by' not in response_headers",target_reachable == false or prerequisites_missing == true,http/content-type-enforcement,none,api-config-contenttype-004.json
API-CONFIG-CORS-CREDENTIALS-001,runbooks/configuration/api-config-cors-credentials-001.yaml,configuration,headers,cors-wildcard-credentials,"failed,handler_signal,hardened,insecure,passed,prerequisites_missing,response_headers,secure,target_reachable,vulnerable","response_headers is not None and len(response_headers) == 0 or handler_signal in {'insecure','vulnerable','failed'}","response_headers is not None and len(response_headers) > 0 or handler_signal in {'secure','hardened','passed'}",target_reachable == false or prerequisites_missing == true,headers/cors-wildcard-credentials,none,api-config-cors-credentials-001.json
API-CONFIG-CORS-REFLECT-002,runbooks/configuration/api-config-cors-reflect-002.yaml,configuration,headers,cors-origin-reflection,"failed,handler_signal,hardened,insecure,passed,prerequisites_missing,response_headers,secure,target_reachable,vulnerable","response_headers is not None and len(response_headers) == 0 or handler_signal in {'insecure','vulnerable','failed'}","response_headers is not None and len(response_headers) > 0 or handler_signal in {'secure','hardened','passed'}",target_reachable == false or prerequisites_missing == true,headers/cors-origin-reflection,none,api-config-cors-reflect-002.json
API-CONFIG-DEBUG-MODE-008,runbooks/configuration/api-config-debug-mode-008.yaml,configuration,nuclei,debug-mode,"critical,high,info,low,medium,nuclei_finding_count,nuclei_severity,prerequisites_missing,target_reachable","nuclei_severity in {'high','critical','medium'}","nuclei_severity in {'low','info'} or nuclei_finding_count==0",target_reachable == false or prerequisites_missing == true,nuclei/debug-mode,none,api-config-debug-mode-008.json
API-CONFIG-DEFAULT-CREDS-006,runbooks/configuration/api-config-default-creds-006.yaml,configuration,workflow,default-credentials,"blocked,failed,handler_signal,hardened,passed,prerequisites_missing,secure,target_reachable","handler_signal in {'failed','blocked'}","handler_signal in {'secure','hardened','passed'}",target_reachable == false or prerequisites_missing == true,workflow/default-credentials,none,api-config-default-creds-006.json
API-CONFIG-DEPRECATED-VERSION-007,runbooks/configuration/api-config-deprecated-version-007.yaml,configuration,fuzz,deprecated-api-version,"False,True,fuzz_200_ratio,fuzz_wildcard,prerequisites_missing,target_reachable",fuzz_200_ratio > 0.15 or fuzz_wildcard==False,fuzz_200_ratio <= 0.15 or fuzz_wildcard==True,target_reachable == false or prerequisites_missing == true,fuzz/deprecated-api-version,none,api-config-deprecated-version-007.json
API-CONFIG-HOST-TRUST-010,runbooks/configuration/api-config-host-trust-010.yaml,configuration,http,host-header-trust,"by,powered,prerequisites_missing,response_headers,response_status,target_reachable,x","response_status in {200,401,403,500} and 'x-powered-by' in response_headers","response_status in {401,403} or 'x-powered-by' not in response_headers",target_reachable == false or prerequisites_missing == true,http/host-header-trust,none,api-config-host-trust-010.json
API-CONFIG-SECURITY-HEADERS-005,runbooks/configuration/api-config-security-headers-005.yaml,configuration,headers,security-headers,"failed,handler_signal,hardened,insecure,passed,prerequisites_missing,response_headers,secure,target_reachable,vulnerable","response_headers is not None and len(response_headers) == 0 or handler_signal in {'insecure','vulnerable','failed'}","response_headers is not None and len(response_headers) > 0 or handler_signal in {'secure','hardened','passed'}",target_reachable == false or prerequisites_missing == true,headers/security-headers,none,api-config-security-headers-005.json
API-CONFIG-SERVER-BANNER-009,runbooks/configuration/api-config-server-banner-009.yaml,configuration,headers,server-banner,"failed,handler_signal,hardened,insecure,passed,prerequisites_missing,response_headers,secure,target_reachable,vulnerable","response_headers is not None and len(response_headers) == 0 or handler_signal in {'insecure','vulnerable','failed'}","response_headers is not None and len(response_headers) > 0 or handler_signal in {'secure','hardened','passed'}",target_reachable == false or prerequisites_missing == true,headers/server-banner,none,api-config-server-banner-009.json
API-CONFIG-UNSAFE-METHODS-003,runbooks/configuration/api-config-unsafe-methods-003.yaml,configuration,http,unsafe-http-methods,"by,powered,prerequisites_missing,response_headers,response_status,target_reachable,x","response_status in {200,401,403,500} and 'x-powered-by' in response_headers","response_status in {401,403} or 'x-powered-by' not in response_headers",target_reachable == false or prerequisites_missing == true,http/unsafe-http-methods,none,api-config-unsafe-methods-003.json
API-DATA-CACHE-CONTROL-007,runbooks/data-exposure/api-data-cache-control-007.yaml,data-exposure,headers,sensitive-cache-control,"failed,handler_signal,hardened,insecure,passed,prerequisites_missing,response_headers,secure,target_reachable,vulnerable","response_headers is not None and len(response_headers) == 0 or handler_signal in {'insecure','vulnerable','failed'}","response_headers is not None and len(response_headers) > 0 or handler_signal in {'secure','hardened','passed'}",target_reachable == false or prerequisites_missing == true,headers/sensitive-cache-control,none,api-data-cache-control-007.json
API-DATA-DEBUG-ENDPOINT-009,runbooks/data-exposure/api-data-debug-endpoint-009.yaml,data-exposure,fuzz,debug-endpoint-exposure,"False,True,fuzz_200_ratio,fuzz_wildcard,prerequisites_missing,target_reachable",fuzz_200_ratio > 0.15 or fuzz_wildcard==False,fuzz_200_ratio <= 0.15 or fuzz_wildcard==True,target_reachable == false or prerequisites_missing == true,fuzz/debug-endpoint-exposure,none,api-data-debug-endpoint-009.json
API-DATA-DIRECTORY-LIST-008,runbooks/data-exposure/api-data-directory-list-008.yaml,data-exposure,nuclei,directory-listing,"critical,high,info,low,medium,nuclei_finding_count,nuclei_severity,prerequisites_missing,target_reachable","nuclei_severity in {'high','critical','medium'}","nuclei_severity in {'low','info'} or nuclei_finding_count==0",target_reachable == false or prerequisites_missing == true,nuclei/directory-listing,none,api-data-directory-list-008.json
API-DATA-EXCESSIVE-001,runbooks/data-exposure/api-data-excessive-001.yaml,data-exposure,http,excessive-data-exposure,"by,powered,prerequisites_missing,response_headers,response_status,target_reachable,x","response_status in {200,401,403,500} and 'x-powered-by' in response_headers","response_status in {401,403} or 'x-powered-by' not in response_headers",target_reachable == false or prerequisites_missing == true,http/excessive-data-exposure,none,api-data-excessive-001.json
API-DATA-HEALTH-METRICS-010,runbooks/data-exposure/api-data-health-metrics-010.yaml,data-exposure,fuzz,health-metrics-exposure,"False,True,fuzz_200_ratio,fuzz_wildcard,prerequisites_missing,target_reachable",fuzz_200_ratio > 0.15 or fuzz_wildcard==False,fuzz_200_ratio <= 0.15 or fuzz_wildcard==True,target_reachable == false or prerequisites_missing == true,fuzz/health-metrics-exposure,none,api-data-health-metrics-010.json
API-DATA-PII-RESPONSE-005,runbooks/data-exposure/api-data-pii-response-005.yaml,data-exposure,http,pii-response-exposure,"by,powered,prerequisites_missing,response_headers,response_status,target_reachable,x","response_status in {200,401,403,500} and 'x-powered-by' in response_headers","response_status in {401,403} or 'x-powered-by' not in response_headers",target_reachable == false or prerequisites_missing == true,http/pii-response-exposure,none,api-data-pii-response-005.json
API-DATA-SECRET-RESPONSE-006,runbooks/data-exposure/api-data-secret-response-006.yaml,data-exposure,nuclei,secret-response-exposure,"critical,high,info,low,medium,nuclei_finding_count,nuclei_severity,prerequisites_missing,target_reachable","nuclei_severity in {'high','critical','medium'}","nuclei_severity in {'low','info'} or nuclei_finding_count==0",target_reachable == false or prerequisites_missing == true,nuclei/secret-response-exposure,none,api-data-secret-response-006.json
API-DATA-SENSITIVE-HEADERS-002,runbooks/data-exposure/api-data-sensitive-headers-002.yaml,data-exposure,headers,sensitive-response-headers,"failed,handler_signal,hardened,insecure,passed,prerequisites_missing,response_headers,secure,target_reachable,vulnerable","response_headers is not None and len(response_headers) == 0 or handler_signal in {'insecure','vulnerable','failed'}","response_headers is not None and len(response_headers) > 0 or handler_signal in {'secure','hardened','passed'}",target_reachable == false or prerequisites_missing == true,headers/sensitive-response-headers,none,api-data-sensitive-headers-002.json
API-DATA-STACKTRACE-003,runbooks/data-exposure/api-data-stacktrace-003.yaml,data-exposure,http,stack-trace-exposure,"by,powered,prerequisites_missing,response_headers,response_status,target_reachable,x","response_status in {200,401,403,500} and 'x-powered-by' in response_headers","response_status in {401,403} or 'x-powered-by' not in response_headers",target_reachable == false or prerequisites_missing == true,http/stack-trace-exposure,none,api-data-stacktrace-003.json
API-DATA-VERBOSE-ERROR-004,runbooks/data-exposure/api-data-verbose-error-004.yaml,data-exposure,http,verbose-error-details,"by,powered,prerequisites_missing,response_headers,response_status,target_reachable,x","response_status in {200,401,403,500} and 'x-powered-by' in response_headers","response_status in {401,403} or 'x-powered-by' not in response_headers",target_reachable == false or prerequisites_missing == true,http/verbose-error-details,none,api-data-verbose-error-004.json
API-DISC-BACKUP-SPEC-007,runbooks/discovery/api-disc-backup-spec-007.yaml,discovery,fuzz,openapi-backup-files,"False,True,fuzz_200_ratio,fuzz_wildcard,prerequisites_missing,target_reachable",fuzz_200_ratio > 0.15 or fuzz_wildcard==False,fuzz_200_ratio <= 0.15 or fuzz_wildcard==True,target_reachable == false or prerequisites_missing == true,fuzz/openapi-backup-files,none,api-disc-backup-spec-007.json
API-DISC-BASEPATH-VARIANTS-012,runbooks/discovery/api-disc-basepath-variants-012.yaml,discovery,fuzz,api-basepath-variants,"False,True,fuzz_200_ratio,fuzz_wildcard,prerequisites_missing,target_reachable",fuzz_200_ratio > 0.15 or fuzz_wildcard==False,fuzz_200_ratio <= 0.15 or fuzz_wildcard==True,target_reachable == false or prerequisites_missing == true,fuzz/api-basepath-variants,none,api-disc-basepath-variants-012.json
API-DISC-ENDPOINT-WORDLIST-004,runbooks/discovery/api-disc-endpoint-wordlist-004.yaml,discovery,fuzz,api-endpoint-discovery,"False,True,fuzz_200_ratio,fuzz_wildcard,prerequisites_missing,target_reachable",fuzz_200_ratio > 0.15 or fuzz_wildcard==False,fuzz_200_ratio <= 0.15 or fuzz_wildcard==True,target_reachable == false or prerequisites_missing == true,fuzz/api-endpoint-discovery,none,api-disc-endpoint-wordlist-004.json
API-DISC-GATEWAY-FINGERPRINT-011,runbooks/discovery/api-disc-gateway-fingerprint-011.yaml,discovery,headers,api-gateway-fingerprint,"failed,handler_signal,hardened,insecure,passed,prerequisites_missing,response_headers,secure,target_reachable,vulnerable","response_headers is not None and len(response_headers) == 0 or handler_signal in {'insecure','vulnerable','failed'}","response_headers is not None and len(response_headers) > 0 or handler_signal in {'secure','hardened','passed'}",target_reachable == false or prerequisites_missing == true,headers/api-gateway-fingerprint,none,api-disc-gateway-fingerprint-011.json
API-DISC-GRAPHQL-ENDPOINT-008,runbooks/discovery/api-disc-graphql-endpoint-008.yaml,discovery,graphql,graphql-endpoint-discovery,"errors,graphql_introspection_enabled,prerequisites_missing,response_body,target_reachable",graphql_introspection_enabled or 'errors' in response_body,not graphql_introspection_enabled and 'errors' not in response_body,target_reachable == false or prerequisites_missing == true,graphql/graphql-endpoint-discovery,none,api-disc-graphql-endpoint-008.json
API-DISC-GRAPHQL-INTROSPECTION-009,runbooks/discovery/api-disc-graphql-introspection-009.yaml,discovery,graphql,graphql-introspection,"errors,graphql_introspection_enabled,prerequisites_missing,response_body,target_reachable",graphql_introspection_enabled or 'errors' in response_body,not graphql_introspection_enabled and 'errors' not in response_body,target_reachable == false or prerequisites_missing == true,graphql/graphql-introspection,none,api-disc-graphql-introspection-009.json
API-DISC-METHOD-ENUM-005,runbooks/discovery/api-disc-method-enum-005.yaml,discovery,http,http-method-enumeration,"by,powered,prerequisites_missing,response_headers,response_status,target_reachable,x","response_status in {200,401,403,500} and 'x-powered-by' in response_headers","response_status in {401,403} or 'x-powered-by' not in response_headers",target_reachable == false or prerequisites_missing == true,http/http-method-enumeration,none,api-disc-method-enum-005.json
API-DISC-OPENAPI-COMMON-001,runbooks/discovery/api-disc-openapi-common-001.yaml,discovery,openapi,openapi-common-paths,"openapi_security_insecure,openapi_security_schemes_present,prerequisites_missing,response_body,response_status,target_reachable,undefined",openapi_security_insecure or 'undefined' in response_body,openapi_security_schemes_present or response_status==401,target_reachable == false or prerequisites_missing == true,openapi/openapi-common-paths,none,api-disc-openapi-common-001.json
API-DISC-SPEC-DIFF-006,runbooks/discovery/api-disc-spec-diff-006.yaml,discovery,openapi,openapi-observed-diff,"openapi_security_insecure,openapi_security_schemes_present,prerequisites_missing,response_body,response_status,target_reachable,undefined",openapi_security_insecure or 'undefined' in response_body,openapi_security_schemes_present or response_status==401,target_reachable == false or prerequisites_missing == true,openapi/openapi-observed-diff,none,api-disc-spec-diff-006.json
API-DISC-SWAGGER-UI-002,runbooks/discovery/api-disc-swagger-ui-002.yaml,discovery,openapi,swagger-ui-exposure,"openapi_security_insecure,openapi_security_schemes_present,prerequisites_missing,response_body,response_status,target_reachable,undefined",openapi_security_insecure or 'undefined' in response_body,openapi_security_schemes_present or response_status==401,target_reachable == false or prerequisites_missing == true,openapi/swagger-ui-exposure,none,api-disc-swagger-ui-002.json
API-DISC-VERSION-ENUM-003,runbooks/discovery/api-disc-version-enum-003.yaml,discovery,fuzz,api-version-enumeration,"False,True,fuzz_200_ratio,fuzz_wildcard,prerequisites_missing,target_reachable",fuzz_200_ratio > 0.15 or fuzz_wildcard==False,fuzz_200_ratio <= 0.15 or fuzz_wildcard==True,target_reachable == false or prerequisites_missing == true,fuzz/api-version-enumeration,none,api-disc-version-enum-003.json
API-DISC-WEBSOCKET-ENDPOINT-010,runbooks/discovery/api-disc-websocket-endpoint-010.yaml,discovery,websocket,websocket-endpoint-discovery,"enforced,missing,open,prerequisites_missing,strict,target_reachable,upgraded,websocket_origin_validation,websocket_status","websocket_status in {'upgraded','open'} and websocket_origin_validation=='missing'","websocket_origin_validation in {'enforced','strict'}",target_reachable == false or prerequisites_missing == true,websocket/websocket-endpoint-discovery,none,api-disc-websocket-endpoint-010.json
API-INPUT-COMMAND-005,runbooks/input-validation/api-input-command-005.yaml,input-validation,nuclei,command-injection,"critical,high,info,low,medium,nuclei_finding_count,nuclei_severity,prerequisites_missing,target_reachable","nuclei_severity in {'high','critical','medium'}","nuclei_severity in {'low','info'} or nuclei_finding_count==0",target_reachable == false or prerequisites_missing == true,nuclei/command-injection,none,api-input-command-005.json
API-INPUT-CRLF-017,runbooks/input-validation/api-input-crlf-017.yaml,input-validation,http,crlf-injection,"by,powered,prerequisites_missing,response_headers,response_status,target_reachable,x","response_status in {200,401,403,500} and 'x-powered-by' in response_headers","response_status in {401,403} or 'x-powered-by' not in response_headers",target_reachable == false or prerequisites_missing == true,http/crlf-injection,none,api-input-crlf-017.json
API-INPUT-DESERIALIZATION-016,runbooks/input-validation/api-input-deserialization-016.yaml,input-validation,nuclei,unsafe-deserialization,"critical,high,info,low,medium,nuclei_finding_count,nuclei_severity,prerequisites_missing,target_reachable","nuclei_severity in {'high','critical','medium'}","nuclei_severity in {'low','info'} or nuclei_finding_count==0",target_reachable == false or prerequisites_missing == true,nuclei/unsafe-deserialization,none,api-input-deserialization-016.json
API-INPUT-GRAPHQL-ALIAS-022,runbooks/input-validation/api-input-graphql-alias-022.yaml,input-validation,graphql,graphql-alias-amplification,"errors,graphql_introspection_enabled,prerequisites_missing,response_body,target_reachable",graphql_introspection_enabled or 'errors' in response_body,not graphql_introspection_enabled and 'errors' not in response_body,target_reachable == false or prerequisites_missing == true,graphql/graphql-alias-amplification,none,api-input-graphql-alias-022.json
API-INPUT-GRAPHQL-BATCH-021,runbooks/input-validation/api-input-graphql-batch-021.yaml,input-validation,graphql,graphql-batching,"errors,graphql_introspection_enabled,prerequisites_missing,response_body,target_reachable",graphql_introspection_enabled or 'errors' in response_body,not graphql_introspection_enabled and 'errors' not in response_body,target_reachable == false or prerequisites_missing == true,graphql/graphql-batching,none,api-input-graphql-batch-021.json
API-INPUT-GRAPHQL-INJECTION-020,runbooks/input-validation/api-input-graphql-injection-020.yaml,input-validation,graphql,graphql-injection,"errors,graphql_introspection_enabled,prerequisites_missing,response_body,target_reachable",graphql_introspection_enabled or 'errors' in response_body,not graphql_introspection_enabled and 'errors' not in response_body,target_reachable == false or prerequisites_missing == true,graphql/graphql-injection,none,api-input-graphql-injection-020.json
API-INPUT-JSON-DUPKEY-023,runbooks/input-validation/api-input-json-dupkey-023.yaml,input-validation,http,json-duplicate-keys,"by,powered,prerequisites_missing,response_headers,response_status,target_reachable,x","response_status in {200,401,403,500} and 'x-powered-by' in response_headers","response_status in {401,403} or 'x-powered-by' not in response_headers",target_reachable == false or prerequisites_missing == true,http/json-duplicate-keys,none,api-input-json-dupkey-023.json
API-INPUT-LDAP-007,runbooks/input-validation/api-input-ldap-007.yaml,input-validation,http,ldap-injection,"by,powered,prerequisites_missing,response_headers,response_status,target_reachable,x","response_status in {200,401,403,500} and 'x-powered-by' in response_headers","response_status in {401,403} or 'x-powered-by' not in response_headers",target_reachable == false or prerequisites_missing == true,http/ldap-injection,none,api-input-ldap-007.json
API-INPUT-NOSQL-AUTH-004,runbooks/input-validation/api-input-nosql-auth-004.yaml,input-validation,http,nosql-auth-bypass,"by,powered,prerequisites_missing,response_headers,response_status,target_reachable,x","response_status in {200,401,403,500} and 'x-powered-by' in response_headers","response_status in {401,403} or 'x-powered-by' not in response_headers",target_reachable == false or prerequisites_missing == true,http/nosql-auth-bypass,none,api-input-nosql-auth-004.json
API-INPUT-NOSQL-OPERATOR-003,runbooks/input-validation/api-input-nosql-operator-003.yaml,input-validation,http,nosql-operator-injection,"by,powered,prerequisites_missing,response_headers,response_status,target_reachable,x","response_status in {200,401,403,500} and 'x-powered-by' in response_headers","response_status in {401,403} or 'x-powered-by' not in response_headers",target_reachable == false or prerequisites_missing == true,http/nosql-operator-injection,none,api-input-nosql-operator-003.json
API-INPUT-NUMERIC-OVERFLOW-024,runbooks/input-validation/api-input-numeric-overflow-024.yaml,input-validation,http,numeric-overflow,"by,powered,prerequisites_missing,response_headers,response_status,target_reachable,x","response_status in {200,401,403,500} and 'x-powered-by' in response_headers","response_status in {401,403} or 'x-powered-by' not in response_headers",target_reachable == false or prerequisites_missing == true,http/numeric-overflow,none,api-input-numeric-overflow-024.json
API-INPUT-PATH-TRAVERSAL-012,runbooks/input-validation/api-input-path-traversal-012.yaml,input-validation,nuclei,path-traversal,"critical,high,info,low,medium,nuclei_finding_count,nuclei_severity,prerequisites_missing,target_reachable","nuclei_severity in {'high','critical','medium'}","nuclei_severity in {'low','info'} or nuclei_finding_count==0",target_reachable == false or prerequisites_missing == true,nuclei/path-traversal,none,api-input-path-traversal-012.json
API-INPUT-PROTOTYPE-POLLUTION-019,runbooks/input-validation/api-input-prototype-pollution-019.yaml,input-validation,http,prototype-pollution,"by,powered,prerequisites_missing,response_headers,response_status,target_reachable,x","response_status in {200,401,403,500} and 'x-powered-by' in response_headers","response_status in {401,403} or 'x-powered-by' not in response_headers",target_reachable == false or prerequisites_missing == true,http/prototype-pollution,none,api-input-prototype-pollution-019.json
API-INPUT-REGEX-DOS-026,runbooks/input-validation/api-input-regex-dos-026.yaml,input-validation,race,regex-dos-bounded,"False,True,prerequisites_missing,race_duplicate_success,target_reachable",race_duplicate_success==True,race_duplicate_success==False,target_reachable == false or prerequisites_missing == true,race/regex-dos-bounded,none,api-input-regex-dos-026.json
API-INPUT-REQUEST-SMUGGLING-018,runbooks/input-validation/api-input-request-smuggling-018.yaml,input-validation,nuclei,request-smuggling,"critical,high,info,low,medium,nuclei_finding_count,nuclei_severity,prerequisites_missing,target_reachable","nuclei_severity in {'high','critical','medium'}","nuclei_severity in {'low','info'} or nuclei_finding_count==0",target_reachable == false or prerequisites_missing == true,nuclei/request-smuggling,none,api-input-request-smuggling-018.json
API-INPUT-SQLI-JSON-002,runbooks/input-validation/api-input-sqli-json-002.yaml,input-validation,sqlmap,sqli-json,"based,boolean,error,injectable,prerequisites_missing,queries,sqlmap_injection_type,stacked,target_reachable,union","sqlmap_injection_type in {'boolean-based','error-based','union-based','stacked-queries'}",sqlmap_injection_type=='not injectable',target_reachable == false or prerequisites_missing == true,sqlmap/sqli-json,none,api-input-sqli-json-002.json
API-INPUT-SQLI-QUERY-001,runbooks/input-validation/api-input-sqli-query-001.yaml,input-validation,sqlmap,sqli-query,"based,boolean,error,injectable,prerequisites_missing,queries,sqlmap_injection_type,stacked,target_reachable,union","sqlmap_injection_type in {'boolean-based','error-based','union-based','stacked-queries'}",sqlmap_injection_type=='not injectable',target_reachable == false or prerequisites_missing == true,sqlmap/sqli-query,none,api-input-sqli-query-001.json
API-INPUT-SSRF-LOCALHOST-010,runbooks/input-validation/api-input-ssrf-localhost-010.yaml,input-validation,http,ssrf-localhost,"by,powered,prerequisites_missing,response_headers,response_status,target_reachable,x","response_status in {200,401,403,500} and 'x-powered-by' in response_headers","response_status in {401,403} or 'x-powered-by' not in response_headers",target_reachable == false or prerequisites_missing == true,http/ssrf-localhost,none,api-input-ssrf-localhost-010.json
API-INPUT-SSRF-METADATA-011,runbooks/input-validation/api-input-ssrf-metadata-011.yaml,input-validation,http,ssrf-metadata-synthetic,"by,powered,prerequisites_missing,response_headers,response_status,target_reachable,x","response_status in {200,401,403,500} and 'x-powered-by' in response_headers","response_status in {401,403} or 'x-powered-by' not in response_headers",target_reachable == false or prerequisites_missing == true,http/ssrf-metadata-synthetic,none,api-input-ssrf-metadata-011.json
API-INPUT-TEMPLATE-006,runbooks/input-validation/api-input-template-006.yaml,input-validation,nuclei,template-injection,"critical,high,info,low,medium,nuclei_finding_count,nuclei_severity,prerequisites_missing,target_reachable","nuclei_severity in {'high','critical','medium'}","nuclei_severity in {'low','info'} or nuclei_finding_count==0",target_reachable == false or prerequisites_missing == true,nuclei/template-injection,none,api-input-template-006.json
API-INPUT-TYPE-CONFUSION-025,runbooks/input-validation/api-input-type-confusion-025.yaml,input-validation,http,type-confusion,"by,powered,prerequisites_missing,response_headers,response_status,target_reachable,x","response_status in {200,401,403,500} and 'x-powered-by' in response_headers","response_status in {401,403} or 'x-powered-by' not in response_headers",target_reachable == false or prerequisites_missing == true,http/type-confusion,none,api-input-type-confusion-025.json
API-INPUT-UPLOAD-EXTENSION-013,runbooks/input-validation/api-input-upload-extension-013.yaml,input-validation,workflow,file-upload-extension,"blocked,failed,handler_signal,hardened,passed,prerequisites_missing,secure,target_reachable","handler_signal in {'failed','blocked'}","handler_signal in {'secure','hardened','passed'}",target_reachable == false or prerequisites_missing == true,workflow/file-upload-extension,none,api-input-upload-extension-013.json
API-INPUT-UPLOAD-MIMETYPE-014,runbooks/input-validation/api-input-upload-mimetype-014.yaml,input-validation,workflow,file-upload-mimetype,"blocked,failed,handler_signal,hardened,passed,prerequisites_missing,secure,target_reachable","handler_signal in {'failed','blocked'}","handler_signal in {'secure','hardened','passed'}",target_reachable == false or prerequisites_missing == true,workflow/file-upload-mimetype,none,api-input-upload-mimetype-014.json
API-INPUT-UPLOAD-POLYGLOT-015,runbooks/input-validation/api-input-upload-polyglot-015.yaml,input-validation,workflow,file-upload-polyglot,"blocked,failed,handler_signal,hardened,passed,prerequisites_missing,secure,target_reachable","handler_signal in {'failed','blocked'}","handler_signal in {'secure','hardened','passed'}",target_reachable == false or prerequisites_missing == true,workflow/file-upload-polyglot,none,api-input-upload-polyglot-015.json
API-INPUT-XPATH-008,runbooks/input-validation/api-input-xpath-008.yaml,input-validation,http,xpath-injection,"by,powered,prerequisites_missing,response_headers,response_status,target_reachable,x","response_status in {200,401,403,500} and 'x-powered-by' in response_headers","response_status in {401,403} or 'x-powered-by' not in response_headers",target_reachable == false or prerequisites_missing == true,http/xpath-injection,none,api-input-xpath-008.json
API-INPUT-XXE-009,runbooks/input-validation/api-input-xxe-009.yaml,input-validation,nuclei,xxe,"critical,high,info,low,medium,nuclei_finding_count,nuclei_severity,prerequisites_missing,target_reachable","nuclei_severity in {'high','critical','medium'}","nuclei_severity in {'low','info'} or nuclei_finding_count==0",target_reachable == false or prerequisites_missing == true,nuclei/xxe,none,api-input-xxe-009.json
API-RATE-BODY-SIZE-008,runbooks/rate-resource/api-rate-body-size-008.yaml,rate-resource,http,request-body-size-limit,"by,powered,prerequisites_missing,response_headers,response_status,target_reachable,x","response_status in {200,401,403,500} and 'x-powered-by' in response_headers","response_status in {401,403} or 'x-powered-by' not in response_headers",target_reachable == false or prerequisites_missing == true,http/request-body-size-limit,none,api-rate-body-size-008.json
API-RATE-ENDPOINT-BURST-004,runbooks/rate-resource/api-rate-endpoint-burst-004.yaml,rate-resource,race,endpoint-burst-limit,"False,True,prerequisites_missing,race_duplicate_success,target_reachable",race_duplicate_success==True,race_duplicate_success==False,target_reachable == false or prerequisites_missing == true,race/endpoint-burst-limit,none,api-rate-endpoint-burst-004.json
API-RATE-EXPENSIVE-QUERY-005,runbooks/rate-resource/api-rate-expensive-query-005.yaml,rate-resource,race,expensive-query-bounded,"False,True,prerequisites_missing,race_duplicate_success,target_reachable",race_duplicate_success==True,race_duplicate_success==False,target_reachable == false or prerequisites_missing == true,race/expensive-query-bounded,none,api-rate-expensive-query-005.json
API-RATE-GRAPHQL-DEPTH-009,runbooks/rate-resource/api-rate-graphql-depth-009.yaml,rate-resource,graphql,graphql-depth-complexity,"errors,graphql_introspection_enabled,prerequisites_missing,response_body,target_reachable",graphql_introspection_enabled or 'errors' in response_body,not graphql_introspection_enabled and 'errors' not in response_body,target_reachable == false or prerequisites_missing == true,graphql/graphql-depth-complexity,none,api-rate-graphql-depth-009.json
API-RATE-LOGIN-001,runbooks/rate-resource/api-rate-login-001.yaml,rate-resource,race,login-rate-limit,"False,True,prerequisites_missing,race_duplicate_success,target_reachable",race_duplicate_success==True,race_duplicate_success==False,target_reachable == false or prerequisites_missing == true,race/login-rate-limit,none,api-rate-login-001.json
API-RATE-OTP-002,runbooks/rate-resource/api-rate-otp-002.yaml,rate-resource,race,otp-rate-limit,"False,True,prerequisites_missing,race_duplicate_success,target_reachable",race_duplicate_success==True,race_duplicate_success==False,target_reachable == false or prerequisites_missing == true,race/otp-rate-limit,none,api-rate-otp-002.json
API-RATE-PAGINATION-006,runbooks/rate-resource/api-rate-pagination-006.yaml,rate-resource,http,pagination-upper-bound,"by,powered,prerequisites_missing,response_headers,response_status,target_reachable,x","response_status in {200,401,403,500} and 'x-powered-by' in response_headers","response_status in {401,403} or 'x-powered-by' not in response_headers",target_reachable == false or prerequisites_missing == true,http/pagination-upper-bound,none,api-rate-pagination-006.json
API-RATE-RESET-003,runbooks/rate-resource/api-rate-reset-003.yaml,rate-resource,race,password-reset-rate-limit,"False,True,prerequisites_missing,race_duplicate_success,target_reachable",race_duplicate_success==True,race_duplicate_success==False,target_reachable == false or prerequisites_missing == true,race/password-reset-rate-limit,none,api-rate-reset-003.json
API-RATE-UPLOAD-SIZE-007,runbooks/rate-resource/api-rate-upload-size-007.yaml,rate-resource,workflow,upload-size-limit,"blocked,failed,handler_signal,hardened,passed,prerequisites_missing,secure,target_reachable","handler_signal in {'failed','blocked'}","handler_signal in {'secure','hardened','passed'}",target_reachable == false or prerequisites_missing == true,workflow/upload-size-limit,none,api-rate-upload-size-007.json
API-RATE-WEBSOCKET-010,runbooks/rate-resource/api-rate-websocket-010.yaml,rate-resource,websocket,websocket-message-rate,"enforced,missing,open,prerequisites_missing,strict,target_reachable,upgraded,websocket_origin_validation,websocket_status","websocket_status in {'upgraded','open'} and websocket_origin_validation=='missing'","websocket_origin_validation in {'enforced','strict'}",target_reachable == false or prerequisites_missing == true,websocket/websocket-message-rate,none,api-rate-websocket-010.json
API-TOKEN-ABSOLUTE-TIMEOUT-008,runbooks/token-session/api-token-absolute-timeout-008.yaml,token-session,workflow,absolute-timeout,"blocked,failed,handler_signal,hardened,passed,prerequisites_missing,secure,target_reachable","handler_signal in {'failed','blocked'}","handler_signal in {'secure','hardened','passed'}",target_reachable == false or prerequisites_missing == true,workflow/absolute-timeout,none,api-token-absolute-timeout-008.json
API-TOKEN-CLOCK-SKEW-016,runbooks/token-session/api-token-clock-skew-016.yaml,token-session,jwt,jwt-clock-skew,"HS256,RS256,jwt_alg,prerequisites_missing,secret_bits,target_reachable","jwt_alg in {'None','HS256'} or secret_bits < 2048",jwt_alg=='RS256' and secret_bits >= 2048,target_reachable == false or prerequisites_missing == true,jwt/jwt-clock-skew,none,api-token-clock-skew-016.json
API-TOKEN-CONCURRENT-SESSION-006,runbooks/token-session/api-token-concurrent-session-006.yaml,token-session,workflow,concurrent-session-policy,"blocked,failed,handler_signal,hardened,passed,prerequisites_missing,secure,target_reachable","handler_signal in {'failed','blocked'}","handler_signal in {'secure','hardened','passed'}",target_reachable == false or prerequisites_missing == true,workflow/concurrent-session-policy,none,api-token-concurrent-session-006.json
API-TOKEN-COOKIE-HTTPONLY-002,runbooks/token-session/api-token-cookie-httponly-002.yaml,token-session,headers,cookie-httponly,"failed,handler_signal,hardened,insecure,passed,prerequisites_missing,response_headers,secure,target_reachable,vulnerable","response_headers is not None and len(response_headers) == 0 or handler_signal in {'insecure','vulnerable','failed'}","response_headers is not None and len(response_headers) > 0 or handler_signal in {'secure','hardened','passed'}",target_reachable == false or prerequisites_missing == true,headers/cookie-httponly,none,api-token-cookie-httponly-002.json
API-TOKEN-COOKIE-SAMESITE-003,runbooks/token-session/api-token-cookie-samesite-003.yaml,token-session,headers,cookie-samesite,"failed,handler_signal,hardened,insecure,passed,prerequisites_missing,response_headers,secure,target_reachable,vulnerable","response_headers is not None and len(response_headers) == 0 or handler_signal in {'insecure','vulnerable','failed'}","response_headers is not None and len(response_headers) > 0 or handler_signal in {'secure','hardened','passed'}",target_reachable == false or prerequisites_missing == true,headers/cookie-samesite,none,api-token-cookie-samesite-003.json
API-TOKEN-COOKIE-SECURE-001,runbooks/token-session/api-token-cookie-secure-001.yaml,token-session,headers,cookie-secure,"failed,handler_signal,hardened,insecure,passed,prerequisites_missing,response_headers,secure,target_reachable,vulnerable","response_headers is not None and len(response_headers) == 0 or handler_signal in {'insecure','vulnerable','failed'}","response_headers is not None and len(response_headers) > 0 or handler_signal in {'secure','hardened','passed'}",target_reachable == false or prerequisites_missing == true,headers/cookie-secure,none,api-token-cookie-secure-001.json
API-TOKEN-IDLE-TIMEOUT-007,runbooks/token-session/api-token-idle-timeout-007.yaml,token-session,workflow,idle-timeout,"blocked,failed,handler_signal,hardened,passed,prerequisites_missing,secure,target_reachable","handler_signal in {'failed','blocked'}","handler_signal in {'secure','hardened','passed'}",target_reachable == false or prerequisites_missing == true,workflow/idle-timeout,none,api-token-idle-timeout-007.json
API-TOKEN-IN-URL-009,runbooks/token-session/api-token-in-url-009.yaml,token-session,http,token-in-url,"by,powered,prerequisites_missing,response_headers,response_status,target_reachable,x","response_status in {200,401,403,500} and 'x-powered-by' in response_headers","response_status in {401,403} or 'x-powered-by' not in response_headers",target_reachable == false or prerequisites_missing == true,http/token-in-url,none,api-token-in-url-009.json
API-TOKEN-JKU-X5U-TRUST-015,runbooks/token-session/api-token-jku-x5u-trust-015.yaml,token-session,jwt,jwt-remote-key-trust,"HS256,RS256,jwt_alg,prerequisites_missing,secret_bits,target_reachable","jwt_alg in {'None','HS256'} or secret_bits < 2048",jwt_alg=='RS256' and secret_bits >= 2048,target_reachable == false or prerequisites_missing == true,jwt/jwt-remote-key-trust,none,api-token-jku-x5u-trust-015.json
API-TOKEN-JWK-EXPOSURE-012,runbooks/token-session/api-token-jwk-exposure-012.yaml,token-session,jwt,jwk-exposure,"HS256,RS256,jwt_alg,prerequisites_missing,secret_bits,target_reachable","jwt_alg in {'None','HS256'} or secret_bits < 2048",jwt_alg=='RS256' and secret_bits >= 2048,target_reachable == false or prerequisites_missing == true,jwt/jwk-exposure,none,api-token-jwk-exposure-012.json
API-TOKEN-KID-INJECTION-014,runbooks/token-session/api-token-kid-injection-014.yaml,token-session,jwt,jwt-kid-injection,"HS256,RS256,jwt_alg,prerequisites_missing,secret_bits,target_reachable","jwt_alg in {'None','HS256'} or secret_bits < 2048",jwt_alg=='RS256' and secret_bits >= 2048,target_reachable == false or prerequisites_missing == true,jwt/jwt-kid-injection,none,api-token-kid-injection-014.json
API-TOKEN-KID-TRAVERSAL-013,runbooks/token-session/api-token-kid-traversal-013.yaml,token-session,jwt,jwt-kid-traversal,"HS256,RS256,jwt_alg,prerequisites_missing,secret_bits,target_reachable","jwt_alg in {'None','HS256'} or secret_bits < 2048",jwt_alg=='RS256' and secret_bits >= 2048,target_reachable == false or prerequisites_missing == true,jwt/jwt-kid-traversal,none,api-token-kid-traversal-013.json
API-TOKEN-LOGOUT-INVALIDATE-005,runbooks/token-session/api-token-logout-invalidate-005.yaml,token-session,workflow,logout-invalidation,"blocked,failed,handler_signal,hardened,passed,prerequisites_missing,secure,target_reachable","handler_signal in {'failed','blocked'}","handler_signal in {'secure','hardened','passed'}",target_reachable == false or prerequisites_missing == true,workflow/logout-invalidation,none,api-token-logout-invalidate-005.json
API-TOKEN-REFRESH-EXPOSURE-011,runbooks/token-session/api-token-refresh-exposure-011.yaml,token-session,http,refresh-token-exposure,"by,powered,prerequisites_missing,response_headers,response_status,target_reachable,x","response_status in {200,401,403,500} and 'x-powered-by' in response_headers","response_status in {401,403} or 'x-powered-by' not in response_headers",target_reachable == false or prerequisites_missing == true,http/refresh-token-exposure,none,api-token-refresh-exposure-011.json
API-TOKEN-RESPONSE-LEAK-010,runbooks/token-session/api-token-response-leak-010.yaml,token-session,http,token-response-leak,"by,powered,prerequisites_missing,response_headers,response_status,target_reachable,x","response_status in {200,401,403,500} and 'x-powered-by' in response_headers","response_status in {401,403} or 'x-powered-by' not in response_headers",target_reachable == false or prerequisites_missing == true,http/token-response-leak,none,api-token-response-leak-010.json
API-TOKEN-SESSION-FIXATION-004,runbooks/token-session/api-token-session-fixation-004.yaml,token-session,workflow,session-fixation,"blocked,failed,handler_signal,hardened,passed,prerequisites_missing,secure,target_reachable","handler_signal in {'failed','blocked'}","handler_signal in {'secure','hardened','passed'}",target_reachable == false or prerequisites_missing == true,workflow/session-fixation,none,api-token-session-fixation-004.json
API-TRANS-CERT-EXPIRY-005,runbooks/transport/api-trans-cert-expiry-005.yaml,transport,tls,certificate-expiry,"A,B,F,T,heartbleed,nmap_script_output,prerequisites_missing,ssl_grade,target_reachable","ssl_grade in {'F','T'} or 'heartbleed' in nmap_script_output","ssl_grade in {'A+','A','B'} and 'heartbleed' not in nmap_script_output",target_reachable == false or prerequisites_missing == true,tls/certificate-expiry,none,api-trans-cert-expiry-005.json
API-TRANS-CERT-HOSTNAME-004,runbooks/transport/api-trans-cert-hostname-004.yaml,transport,tls,certificate-hostname,"A,B,F,T,heartbleed,nmap_script_output,prerequisites_missing,ssl_grade,target_reachable","ssl_grade in {'F','T'} or 'heartbleed' in nmap_script_output","ssl_grade in {'A+','A','B'} and 'heartbleed' not in nmap_script_output",target_reachable == false or prerequisites_missing == true,tls/certificate-hostname,none,api-trans-cert-hostname-004.json
API-TRANS-HSTS-006,runbooks/transport/api-trans-hsts-006.yaml,transport,headers,hsts-missing,"failed,handler_signal,hardened,insecure,passed,prerequisites_missing,response_headers,secure,target_reachable,vulnerable","response_headers is not None and len(response_headers) == 0 or handler_signal in {'insecure','vulnerable','failed'}","response_headers is not None and len(response_headers) > 0 or handler_signal in {'secure','hardened','passed'}",target_reachable == false or prerequisites_missing == true,headers/hsts-missing,none,api-trans-hsts-006.json
API-TRANS-INSECURE-ABSOLUTE-URL-008,runbooks/transport/api-trans-insecure-absolute-url-008.yaml,transport,http,insecure-absolute-urls,"by,powered,prerequisites_missing,response_headers,response_status,target_reachable,x","response_status in {200,401,403,500} and 'x-powered-by' in response_headers","response_status in {401,403} or 'x-powered-by' not in response_headers",target_reachable == false or prerequisites_missing == true,http/insecure-absolute-urls,none,api-trans-insecure-absolute-url-008.json
API-TRANS-PLAINTEXT-HTTP-001,runbooks/transport/api-trans-plaintext-http-001.yaml,transport,http,plaintext-http,"by,powered,prerequisites_missing,response_headers,response_status,target_reachable,x","response_status in {200,401,403,500} and 'x-powered-by' in response_headers","response_status in {401,403} or 'x-powered-by' not in response_headers",target_reachable == false or prerequisites_missing == true,http/plaintext-http,none,api-trans-plaintext-http-001.json
API-TRANS-REDIRECT-DOWNGRADE-007,runbooks/transport/api-trans-redirect-downgrade-007.yaml,transport,http,redirect-downgrade,"by,powered,prerequisites_missing,response_headers,response_status,target_reachable,x","response_status in {200,401,403,500} and 'x-powered-by' in response_headers","response_status in {401,403} or 'x-powered-by' not in response_headers",target_reachable == false or prerequisites_missing == true,http/redirect-downgrade,none,api-trans-redirect-downgrade-007.json
API-TRANS-WEAK-CIPHERS-003,runbooks/transport/api-trans-weak-ciphers-003.yaml,transport,tls,weak-cipher-suites,"A,B,F,T,heartbleed,nmap_script_output,prerequisites_missing,ssl_grade,target_reachable","ssl_grade in {'F','T'} or 'heartbleed' in nmap_script_output","ssl_grade in {'A+','A','B'} and 'heartbleed' not in nmap_script_output",target_reachable == false or prerequisites_missing == true,tls/weak-cipher-suites,none,api-trans-weak-ciphers-003.json
API-TRANS-WEAK-TLS-002,runbooks/transport/api-trans-weak-tls-002.yaml,transport,tls,weak-tls-versions,"A,B,F,T,heartbleed,nmap_script_output,prerequisites_missing,ssl_grade,target_reachable","ssl_grade in {'F','T'} or 'heartbleed' in nmap_script_output","ssl_grade in {'A+','A','B'} and 'heartbleed' not in nmap_script_output",target_reachable == false or prerequisites_missing == true,tls/weak-tls-versions,none,api-trans-weak-tls-002.json
